"TS","serverName","serverID","latency","jitter","packetLoss","download","upload","downloadBytes","uploadBytes","shareURL"
"2025-06-22T22:20:55+00:00","Wind Tre - Roma","29317","37.803","9.025","0","371832","223196","4753160","2862528","https://www.speedtest.net/result/c/12752d42-3962-41f2-b320-2ee2b0c5b984"
"2025-06-22T22:28:23+00:00","Gamgroup Srls - Roma","69831","47.808","4.565","0","152722","122587","2242832","1611308","https://www.speedtest.net/result/c/a5171938-2c33-4777-8903-bf150f7fe42f"
"2025-06-22T22:30:02+00:00","Wind Tre - Roma","29317","52.92","33.18","0","248363","119114","3149796","1563644","https://www.speedtest.net/result/c/64c7b36b-e3d3-4e5c-abf2-272a7f79bd08"
"2025-06-22T23:00:01+00:00","Wind Tre - Roma","29317","41.811","7.494","0","609069","330391","4792880","3556264","https://www.speedtest.net/result/c/0658c23f-1617-4387-b1b5-f5698324dd1a"
"2025-06-22T23:30:02+00:00","Wind Tre - Roma","29317","41.808","5.094","0","1036123","1053984","11959568","8905224","https://www.speedtest.net/result/c/905d718c-d3ec-4139-8554-b40a9059ad48"
"2025-06-23T00:00:01+00:00","Fastweb SpA - Rome","7898","39.84","3.758","0","2773604","1171569","39362568","4232448","https://www.speedtest.net/result/c/3b5782bb-b6c0-4231-8c01-7344e2bf4414"
"2025-06-23T00:30:02+00:00","Wind Tre - Roma","29317","35.823","12.808","24.8062","2174198","373925","21377304","4145444","https://www.speedtest.net/result/c/19e30513-34d4-443b-aba5-77a02a0983ce"
"2025-06-23T01:00:01+00:00","Wind Tre - Roma","29317","39.815","7.483","0","1407270","501495","20412108","4976916","https://www.speedtest.net/result/c/bad3efac-eb3d-4023-b73b-994857f2f5c9"
"2025-06-23T02:00:02+00:00","Wind Tre - Roma","29317","39.822","6.932","0","1450054","506910","19853380","3586716","https://www.speedtest.net/result/c/1ecfdf9e-e9a4-48bd-bc8e-1a5f902b8abf"
"2025-06-23T02:30:01+00:00","Wind Tre - Roma","29317","41.75","3.312","0","1973895","477339","28970444","3461576","https://www.speedtest.net/result/c/86547a60-8eb4-4e87-8adc-e8876a713050"
"2025-06-23T03:00:01+00:00","Dimensione - Rome","59211","42.084","5.643","0","1924137","457831","18277924","4378332","https://www.speedtest.net/result/c/c21a8acd-1204-4072-9827-75535ae80cc1"
"2025-06-23T03:30:02+00:00","Gamgroup Srls - Roma","69831","49.828","8.54","71.7172","570855","533361","7170784","5715708",""
"2025-06-23T04:00:01+00:00","Fastweb SpA - Rome","7898","47.795","3.728","0","1559425","465809","18323240","4802920","https://www.speedtest.net/result/c/6f242efa-0359-48fb-ac16-eda3c20e1118"
"2025-06-23T04:30:01+00:00","Wind Tre - Roma","29317","43.81","10.745","0","2126844","427980","21624892","2240208","https://www.speedtest.net/result/c/ef6c47e8-3492-4b02-b803-c3750fe4a5d0"
"2025-06-23T05:00:01+00:00","Wind Tre - Roma","29317","39.808","4.477","0","1475082","539271","12997708","6089076","https://www.speedtest.net/result/c/7bf40ec1-423b-46b8-8983-c6954deaa727"
"2025-06-23T06:00:01+00:00","Gamgroup Srls - Roma","69831","39.714","7.466","0","676471","255085","7502776","2887644","https://www.speedtest.net/result/c/2add70eb-f04a-4e3d-97e3-0afee1eb2118"
"2025-06-23T06:30:02+00:00","TIM SpA - Rome","3243","49.822","19.569","0","676668","329794","8518336","2702728","https://www.speedtest.net/result/c/58b013f0-30c5-4098-b5c7-38a175b6260a"
"2025-06-23T07:00:02+00:00","Wind Tre - Roma","29317","49.798","3.758","0","588309","288761","6839784","3727060","https://www.speedtest.net/result/c/6cfe36a1-c282-498a-9d56-7e615e38d5ec"
"2025-06-23T07:30:01+00:00","Gamgroup Srls - Roma","69831","39.809","4.708","24.5059","1182393","72992","14001300","1856248","https://www.speedtest.net/result/c/09635ea8-e059-48e2-9030-33c9cef0a9b2"
"2025-06-23T08:00:02+00:00","Wind Tre - Roma","29317","39.871","2.962","44.7368","648814","611244","8228660","6772260",""
"2025-06-23T08:30:01+00:00","Wind Tre - Roma","29317","39.857","4.995","5.61798","1279164","587383","14325680","7725540","https://www.speedtest.net/result/c/3f115a9b-39f1-4c56-bad8-e4005025f34b"
"2025-06-23T09:00:01+00:00","TIM SpA - Rome","3243","49.804","6.051","0","408112","494083","4736120","5250480","https://www.speedtest.net/result/c/3ce2611b-e7e7-442e-bb1f-499a03801055"
"2025-06-23T09:30:01+00:00","Gamgroup Srls - Roma","69831","41.791","5.484","0","887754","262510","11438036","3385468","https://www.speedtest.net/result/c/7ab37c30-34b8-4a6f-8066-45b146e9c1f3"
"2025-06-23T10:00:02+00:00","Gamgroup Srls - Roma","69831","43.898","8.983","0","272520","207743","3511248","1885376","https://www.speedtest.net/result/c/bba7d560-7360-4d6b-814a-72879cce92bd"
"2025-06-23T10:30:01+00:00","Gamgroup Srls - Roma","69831","42.791","4.023","0","447336","343628","5578012","1905236","https://www.speedtest.net/result/c/df7bf433-e32a-4330-8984-0b9795931d94"
"2025-06-23T11:30:01+00:00","Dimensione - Rome","59211","43.688","15.84","0","373612","2533623","3887464","35203376","https://www.speedtest.net/result/c/83832411-05dd-4f76-9efd-22c3b364c88e"
"2025-06-23T13:00:01+00:00","TIM SpA - Rome","3243","39.103","5.854","0","419125","2851141","4912472","25254408","https://www.speedtest.net/result/c/ab4c9b77-56ec-4959-a41f-148e0b2888f4"
"2025-06-23T13:30:01+00:00","Gamgroup Srls - Roma","69831","30.862","2.547","0","374191","2804308","3757676","38462272","https://www.speedtest.net/result/c/4a1e124b-d1f7-480a-9cb4-c2a641d5061f"
"2025-06-23T14:00:01+00:00","TIM SpA - Rome","3243","51.746","9.079","18.4564","241237","820088","3083488","11466888",""
"2025-06-23T14:30:01+00:00","Vodafone Italy - Rome","11842","47.784","6.75","0","366753","2751185","4237520","37923416","https://www.speedtest.net/result/c/29554388-58d2-4527-9c16-6a984e9879f0"
"2025-06-23T15:30:02+00:00","Wind Tre - Roma","29317","30.827","0.738","0","379592","2949014","4008000","35347272","https://www.speedtest.net/result/c/a63ea4f7-df93-4f50-b211-5d49ec45d832"
"2025-06-23T16:30:02+00:00","Gamgroup Srls - Roma","69831","41.921","12.852","0","241622","265684","3106080","1991296","https://www.speedtest.net/result/c/233086b4-2693-4789-a866-789394b641ff"
"2025-06-23T17:30:01+00:00","TIM SpA - Rome","3243","48.735","0.286","0","590292","497157","6884408","3432184","https://www.speedtest.net/result/c/b1a88b80-b06d-4f79-a347-b078678ad300"
"2025-06-23T18:00:01+00:00","Gamgroup Srls - Roma","69831","38.783","2.283","42.8571","402620","681361","4350664","7234336",""
"2025-06-23T19:00:02+00:00","TIM SpA - Rome","3243","40.743","4.336","0","160786","2523598","1859712","35955768","https://www.speedtest.net/result/c/c1ad0e7b-04b5-42c2-aa36-52f6e8038207"
"2025-06-23T19:30:01+00:00","Gamgroup Srls - Roma","69831","42.808","7.789","0","228448","462365","2380552","5510488","https://www.speedtest.net/result/c/1344fa92-c5f9-4acc-8aae-ee476e040f59"
"2025-06-23T20:00:01+00:00","TILab - Naples","45277","54.804","9.57","14.4295","216377","557293","2200280","5141580","https://www.speedtest.net/result/c/9fce1a8a-4588-471c-852b-87d6eb5bb469"
"2025-06-23T22:00:01+00:00","TILab - Naples","45277","90.726","168.577","43.4343","595237","263095","7530800","3019020","https://www.speedtest.net/result/c/6fcb9ed8-4b77-46a2-8337-72dd7b8f0aef"
"2025-06-23T22:30:02+00:00","TILab - Naples","45277","51.693","6.617","0","128996","326388","1332076","3419680","https://www.speedtest.net/result/c/fb7657e7-f411-4a63-be7e-ef0794128ae9"
"2025-06-23T23:00:01+00:00","TILab - Naples","45277","61.75","2.779","26.8456","544243","678500","8002480","8144520","https://www.speedtest.net/result/c/08288f1f-4360-4f58-92a6-cb9c26e0f341"
"2025-06-23T23:30:02+00:00","TILab - Naples","45277","59.841","2.482","15.2542","1800755","373320","20865064","5150960","https://www.speedtest.net/result/c/08457ef8-3c3e-458d-b837-608b0049ac5e"
"2025-06-24T00:00:01+00:00","Wind Tre - Roma","29317","39.809","3.256","24.7191","647911","290129","6953648","3451668","https://www.speedtest.net/result/c/1171698a-98f3-4a7d-b336-3183fcce01d4"
"2025-06-24T00:30:01+00:00","Gamgroup Srls - Roma","69831","41.912","6.983","23.6364","1055932","275410","12318496","3942872","https://www.speedtest.net/result/c/2d34a803-6247-4688-966d-05dc73212315"
"2025-06-24T01:00:01+00:00","Dimensione - Rome","59211","49.805","2.754","22.8873","1093340","601239","12833302","4489632","https://www.speedtest.net/result/c/0128384f-78b2-4250-86f4-049e0f4d94ef"
"2025-06-24T01:30:01+00:00","Gamgroup Srls - Roma","69831","39.82","8.53","22.2973","1847686","635858","25373136","7749412","https://www.speedtest.net/result/c/dfb2e931-8494-4d89-a0b4-9fda928b9d51"
"2025-06-24T02:00:01+00:00","Gamgroup Srls - Roma","69831","39.803","4.524","60.9302","596037","463563","7389244","5977860","https://www.speedtest.net/result/c/56e75963-79c3-47ff-b6fe-53d25ed51154"
"2025-06-24T02:30:01+00:00","Gamgroup Srls - Roma","69831","39.843","5.238","0","3287819","446435","44896716","2481176","https://www.speedtest.net/result/c/4ef99f6a-9867-463a-a081-37c85df9785f"
"2025-06-24T03:00:01+00:00","Gamgroup Srls - Roma","69831","35.812","12.063","0","2444489","1824994","35577680","14149576","https://www.speedtest.net/result/c/b6dc95bc-87f7-4cd6-bb0f-0c60cf349ff0"
"2025-06-24T03:30:01+00:00","Gamgroup Srls - Roma","69831","41.718","13.78","0","1530897","311497","11280480","2793640","https://www.speedtest.net/result/c/5b37ac92-80c1-4754-b2ce-f76fce010145"
"2025-06-24T04:00:02+00:00","Wind Tre - Roma","29317","33.825","3.967","0","2150510","1866999","13632544","18464856","https://www.speedtest.net/result/c/90fbb878-01b3-492b-bcbb-5fced9860a96"
"2025-06-24T04:30:01+00:00","Gamgroup Srls - Roma","69831","37.798","3.802","0","1582341","1769689","14416776","7075456","https://www.speedtest.net/result/c/2c073c97-4de1-482b-9f08-00503390aee8"
"2025-06-24T05:00:01+00:00","Gamgroup Srls - Roma","69831","38.957","2.498","0","1869968","1693138","18198992","8701368","https://www.speedtest.net/result/c/62354374-4509-4f48-8e4a-367a1ab76857"
"2025-06-24T05:30:01+00:00","Wind Tre - Roma","29317","33.77","10.032","0","1156745","1530628","16088112","10114856","https://www.speedtest.net/result/c/9d198649-e250-4320-b3f8-04d6d1419018"
"2025-06-24T06:00:02+00:00","Gamgroup Srls - Roma","69831","38.877","3.744","0","1351697","541348","18339924","2215052","https://www.speedtest.net/result/c/c7bd591e-dda0-41b8-988c-7ad544bf75e0"
"2025-06-24T06:30:01+00:00","Wind Tre - Roma","29317","43.8","8.458","26.3514","1444916","473031","20945680","2933984","https://www.speedtest.net/result/c/7bef6729-ce47-4919-ace2-918c1d952ca1"
"2025-06-24T07:00:01+00:00","Dimensione - Rome","59211","37.807","6.964","6.75105","1225339","383648","13792996","4454660","https://www.speedtest.net/result/c/4e04e923-bc59-4bbf-8a10-f9aae20bf75f"
"2025-06-24T07:30:01+00:00","Gamgroup Srls - Roma","69831","50.766","151.443","6.98529","311724","257738","5020608","3454316","https://www.speedtest.net/result/c/7e42616d-a036-4a83-8f53-7894b380783a"
"2025-06-24T08:00:01+00:00","Gamgroup Srls - Roma","69831","58.805","3.682","9.30233","133910","147154","1908636","1852276","https://www.speedtest.net/result/c/6b17e876-0d89-49f5-9ce9-f7c864bd5384"
"2025-06-24T08:30:02+00:00","Wind Tre - Roma","29317","42.814","2.865","22.2222","748304","742070","11340886","2749948","https://www.speedtest.net/result/c/60afd91f-c33d-41a3-b4f9-6d047fd81430"
"2025-06-24T09:00:01+00:00","TIM SpA - Rome","3243","51.81","4.983","0","974752","562990","10765488","6888416","https://www.speedtest.net/result/c/73a80675-fc6f-48eb-a627-9dd0ed876d5b"
"2025-06-24T09:30:02+00:00","TIM SpA - Rome","3243","49.762","0.049","10.5469","1014457","554246","10899088","6166976","https://www.speedtest.net/result/c/2ff58047-5f05-4694-a9dd-e5c9e958b236"
"2025-06-24T10:00:02+00:00","Fastweb SpA - Rome","7898","37.807","1.515","22.7273","742472","668320","8209720","6236448","https://www.speedtest.net/result/c/a2692535-fab3-4c26-9ca0-5de81397e419"
"2025-06-24T10:30:01+00:00","Wind Tre - Roma","29317","35.758","15.792","18.6722","283769","689057","3083794","8012848","https://www.speedtest.net/result/c/0e78ac3c-1b1b-4f7e-9ba1-3e25d2d4f3d3"
"2025-06-24T11:00:01+00:00","TIM SpA - Rome","3243","51.816","5.476","0","380146","292983","4148280","4074800","https://www.speedtest.net/result/c/19ef9208-3932-48b4-a77f-178752443259"
"2025-06-24T12:00:01+00:00","Wind Tre - Roma","29317","41.88","3.796","3.32103","558579","457305","6920548","5180812","https://www.speedtest.net/result/c/c3ecdf4b-9739-4a89-ae0e-3f8c74a2acf1"
"2025-06-24T12:30:01+00:00","TIM SpA - Rome","3243","43.764","1.801","18.1208","517516","321281","6507656","4546408","https://www.speedtest.net/result/c/e891e80f-fbcc-4764-96d0-7f9c45a21920"
"2025-06-24T13:00:01+00:00","Wind Tre - Roma","29317","30.753","7.589","0","566291","2924740","5429504","28165056","https://www.speedtest.net/result/c/e64917c7-482b-4a79-bc29-54fc29914bb9"
"2025-06-24T14:00:02+00:00","Wind Tre - Roma","29317","39.787","2.528","0","678398","728817","7056920","9195180","https://www.speedtest.net/result/c/4a6b6861-5991-4f87-a9ef-e7e465a8537d"
"2025-06-24T14:30:01+00:00","TIM SpA - Rome","3243","43.745","4.537","0","544500","2841825","5866376","40600184","https://www.speedtest.net/result/c/647e15e9-3ad6-4b8b-a7f1-1b9f18e5883a"
"2025-06-24T15:00:01+00:00","Unidata S.p.A. - Rome","395","61.838","5.446","45.5882","413176","674450","4722708","8004904",""
"2025-06-24T17:00:01+00:00","Gamgroup Srls - Roma","69831","38.81","7.49","0","107057","425667","1229991","5885180","https://www.speedtest.net/result/c/0c440ea8-c3fa-40fc-aa32-fb6ff1c2a989"
"2025-06-24T17:30:01+00:00","Wind Tre - Roma","29317","39.825","4.494","0","211799","388857","2622428","4256660","https://www.speedtest.net/result/c/916ba43b-5109-4d48-82e0-890bf99e2020"
"2025-06-24T18:00:01+00:00","Gamgroup Srls - Roma","69831","31.852","1.528","0","369655","2915273","4025368","41573697","https://www.speedtest.net/result/c/e054177e-f156-40aa-ab48-c2cbf780a513"
"2025-06-24T18:30:01+00:00","Fastweb SpA - Rome","7898","32.844","7.717","0","120378","2448667","1290576","22889688","https://www.speedtest.net/result/c/78349154-acc0-43c1-b286-a335081edd60"
"2025-06-24T19:30:01+00:00","Wind Tre - Roma","29317","33.62","5.583","0","262902","100290","3852840","1546432","https://www.speedtest.net/result/c/22aa33b5-6581-4b20-b8ec-b91d9f72e2e4"
"2025-06-24T21:00:01+00:00","TIM SpA - Rome","3243","41.791","4.768","0","215729","2677569","2305936","23124824","https://www.speedtest.net/result/c/5a256226-07ef-4574-9206-f8b8c323582a"
"2025-06-24T21:30:01+00:00","Gamgroup Srls - Roma","69831","39.859","5.461","0","497889","642731","6343284","6936436","https://www.speedtest.net/result/c/3d8d5932-c725-4cbb-881e-5ee4963f7bc4"
"2025-06-24T22:00:01+00:00","Gamgroup Srls - Roma","69831","38.778","5.795","8.72483","311326","2990563","4232828","34425279","https://www.speedtest.net/result/c/cddde48f-c4eb-4d8c-82d9-f5f8cf8e5483"
"2025-06-24T23:00:02+00:00","Fastweb SpA - Rome","7898","39.782","5.589","21.7742","577365","351351","6478264","4009336","https://www.speedtest.net/result/c/e8539a0b-d264-4cc8-b76d-8506d9042ab1"
"2025-06-24T23:30:01+00:00","Gamgroup Srls - Roma","69831","41.721","2.042","0","436749","483336","3832980","3030636","https://www.speedtest.net/result/c/f6578457-bd4a-40c5-91f2-cfbf32a5e586"
"2025-06-25T00:00:01+00:00","TIM SpA - Rome","3243","43.833","6.389","0","625842","2987216","7539304","42058616","https://www.speedtest.net/result/c/c936faf3-3ccb-4da9-9abc-73fc1bfcc79b"
"2025-06-25T00:30:02+00:00","Gamgroup Srls - Roma","69831","39.845","4.475","0","1998700","499355","22840324","7093992","https://www.speedtest.net/result/c/4f870610-3465-43ef-aabd-f68be8281a7a"
"2025-06-25T01:00:01+00:00","Gamgroup Srls - Roma","69831","67.739","43.538","37.5","1877835","486093","19000724","6469646","https://www.speedtest.net/result/c/d962da8f-4e53-4743-a398-22a476c7be84"
"2025-06-25T01:30:01+00:00","TIM SpA - Rome","3243","59.865","13.754","18.0272","2250163","676529","22125408","6647936","https://www.speedtest.net/result/c/2ec3d025-d273-4d01-9301-24ab3e485179"
"2025-06-25T02:00:01+00:00","Wind Tre - Roma","29317","39.839","2.767","26.1017","1474022","631349","20382482","6090400","https://www.speedtest.net/result/c/1a105d5b-5eab-4fa5-83db-5d96e4764df7"
"2025-06-25T02:30:01+00:00","Gamgroup Srls - Roma","69831","39.799","9.238","0","1300217","680260","19860000","7002914","https://www.speedtest.net/result/c/768618c4-fe2a-42e5-80aa-91fce6bd28fe"
"2025-06-25T03:00:01+00:00","TIM SpA - Rome","3243","51.857","4.433","60.274","747712","161269","8284536","2140272","https://www.speedtest.net/result/c/de79e382-6fa7-4e0f-b6a0-7f943b4465af"
"2025-06-25T03:30:01+00:00","TIM SpA - Rome","3243","52.739","2.508","0","2338260","354732","10237768","4247144","https://www.speedtest.net/result/c/b2985353-0ab5-4092-b5e6-cd3c86b3cdbc"
"2025-06-25T04:00:02+00:00","Wind Tre - Roma","29317","39.856","2.964","56.3636","661399","232930","8051244","3078300","https://www.speedtest.net/result/c/96f932d5-1c7c-4d5e-b323-c71c0c6a277b"
"2025-06-25T05:00:01+00:00","Wind Tre - Roma","29317","42.317","10.352","53.4884","757823","350368","8256132","3018720","https://www.speedtest.net/result/c/92b019fe-6d82-4b68-909f-ae093c12bfcf"
"2025-06-25T05:30:01+00:00","Gamgroup Srls - Roma","69831","39.788","2.018","34.3478","308346","639009","3396060","8421964","https://www.speedtest.net/result/c/9bc7405d-984e-4b8a-8b2d-afd088452eb0"
"2025-06-25T06:00:01+00:00","Wind Tre - Roma","29317","43.683","7.576","0","1437969","423067","20706282","4872320","https://www.speedtest.net/result/c/3eec6150-3cb8-405a-ab56-88ac1b70edd1"
"2025-06-25T06:30:02+00:00","Wind Tre - Roma","29317","39.84","5.475","0","655408","50255","7583872","1015508","https://www.speedtest.net/result/c/d942c354-33fc-4486-953d-ec60a20d1ddb"
"2025-06-25T07:00:02+00:00","Gamgroup Srls - Roma","69831","40.68","7.751","0","314460","412046","3704552","4353312","https://www.speedtest.net/result/c/c657cd65-e967-4a05-8256-a1b1678a3291"
"2025-06-25T07:30:01+00:00","Wind Tre - Roma","29317","30.812","11.452","0","431375","2342821","2822968","21561704","https://www.speedtest.net/result/c/ff536d0b-38c5-4ec6-8e20-3c30737f3563"
"2025-06-25T08:00:01+00:00","Wind Tre - Roma","29317","38.848","5.007","23.569","549408","334594","7775852","4247432","https://www.speedtest.net/result/c/d41205a9-f634-41f6-b76e-c24e0373c39b"
"2025-06-25T08:30:02+00:00","TIM SpA - Rome","3243","46.618","6.951","0","93542","343202","881904","4505488","https://www.speedtest.net/result/c/6145f296-8a7c-4cd2-b9b9-a4659a42c57b"
"2025-06-25T09:00:02+00:00","Wind Tre - Roma","29317","41.841","8.277","0","126123","190662","1378157","2458708","https://www.speedtest.net/result/c/b8934eb8-b002-42cc-bdd9-672d0cbc3e0c"
"2025-06-25T09:30:02+00:00","Wind Tre - Roma","29317","29.761","3.037","0","248403","2134671","2654908","31096190","https://www.speedtest.net/result/c/42cc3180-96c3-426e-b722-f974e110c513"
"2025-06-25T10:00:01+00:00","TIM SpA - Rome","3243","43.833","8.752","0","661490","2719868","8873712","27143936","https://www.speedtest.net/result/c/c870952f-eef6-4ac5-b45b-0150c5b3da9d"
"2025-06-25T10:30:01+00:00","WARIAN - Rome","14671","68.812","10.008","0","569423","2687060","7585368","26435992","https://www.speedtest.net/result/c/f6a81b6b-61f7-4a9f-b0b2-8fb1a9d64a6b"
"2025-06-25T11:00:01+00:00","Gamgroup Srls - Roma","69831","41.8","10.029","0","197089","382975","1865516","3316620","https://www.speedtest.net/result/c/51105030-8223-427b-a75c-1c234ea8bf4e"
"2025-06-25T12:00:01+00:00","TIM SpA - Rome","3243","40.713","4.545","0","612275","3196749","7588846","29985048","https://www.speedtest.net/result/c/56aceca1-3085-494f-8f95-85885b828d84"
"2025-06-25T13:00:01+00:00","Wind Tre - Roma","29317","30.734","2.796","0","379202","3213292","3649952","33569672","https://www.speedtest.net/result/c/26543826-1815-4cbd-a55d-9e800fb34bae"
"2025-06-25T13:30:01+00:00","Unidata S.p.A. - Rome","395","55.882","3.953","0","367128","2809933","4863052","38737156","https://www.speedtest.net/result/c/f9f7c1ba-95bd-487b-8ef3-b4a24c7ca85d"
"2025-06-25T14:00:01+00:00","TIM SpA - Rome","3243","42.784","2.035","0","485791","2668077","5974592","21022296","https://www.speedtest.net/result/c/bec477e6-2cf0-4289-9937-d1f883421959"
"2025-06-25T14:30:01+00:00","Wind Tre - Roma","29317","30.772","4.502","0","507515","3252640","6579800","45575017","https://www.speedtest.net/result/c/6c93dce9-ef9c-4a51-9f96-cc8d1d1d57a3"
"2025-06-25T15:00:01+00:00","Fastweb SpA - Rome","7898","30.771","9.119","0","716999","3043992","9683328","28237696","https://www.speedtest.net/result/c/6a1e117c-51f1-472e-8e84-324a708b47f4"
"2025-06-25T15:30:01+00:00","Gamgroup Srls - Roma","69831","31.815","2.507","0","424778","3032865","5071456","43157815","https://www.speedtest.net/result/c/d8401740-f1aa-40f1-9444-310fc12a167d"
"2025-06-25T17:00:02+00:00","Wind Tre - Roma","29317","30.75","6.295","0","366895","2422828","3684692","24235820","https://www.speedtest.net/result/c/97928a6c-477b-468b-abce-c3abba867adb"
"2025-06-25T18:30:02+00:00","TIM SpA - Rome","3243","39.791","4.431","0","379182","2591712","4741464","35391976","https://www.speedtest.net/result/c/97411e7d-d7b4-4947-b961-4c241d8b9764"
"2025-06-25T19:00:01+00:00","TIM SpA - Rome","3243","40.878","2.977","0","537685","2432581","5915808","16677288","https://www.speedtest.net/result/c/828f33ae-6eab-4d55-8e03-deca83bb8b20"
"2025-06-25T21:00:02+00:00","TIM SpA - Rome","3243","41.745","8.066","0","464051","2615981","6224424","37174200","https://www.speedtest.net/result/c/d88be0c1-29e8-416b-a82d-45f90854c680"
"2025-06-25T22:00:01+00:00","TIM SpA - Rome","3243","42.78","5.27","0","400153","2701903","5587152","25901056","https://www.speedtest.net/result/c/bbab7bd2-c0d9-4922-a703-242cdd64154e"
"2025-06-25T23:00:01+00:00","Wind Tre - Roma","29317","30.773","12.846","0","766262","2672847","8292552","23961160","https://www.speedtest.net/result/c/59e021c8-d5e7-4eac-be15-c2214338a266"
"2025-06-25T23:30:01+00:00","Gamgroup Srls - Roma","69831","30.926","2.658","0","434849","2758913","5617880","38611745","https://www.speedtest.net/result/c/3f694422-e3d2-432b-ae29-ecca0e43c563"
"2025-06-26T00:00:01+00:00","Unidata S.p.A. - Rome","395","71.897","4.205","0","989055","742575","11510856","5705116","https://www.speedtest.net/result/c/0c2c7350-5e58-44a4-bab6-835af0859175"
"2025-06-26T00:30:01+00:00","Wind Tre - Roma","29317","42.711","4.569","0","774769","759631","10637016","2826740","https://www.speedtest.net/result/c/24d79521-59ff-4d1d-98bb-ce1f526efa0a"
"2025-06-26T01:00:01+00:00","Wind Tre - Roma","29317","42.675","3.889","0","1329969","753292","14210492","4833924","https://www.speedtest.net/result/c/98193252-3ab4-4136-906b-49885c867df9"
"2025-06-26T01:30:01+00:00","TIM SpA - Rome","3243","49.786","3.541","0","2095033","681170","23071384","9930488","https://www.speedtest.net/result/c/7817f8c0-ca6f-4ba7-84be-4c0679fda457"
"2025-06-26T02:00:01+00:00","Dimensione - Rome","59211","49.705","0.073","0","2260060","732297","22879976","2841244","https://www.speedtest.net/result/c/237d96d8-ba19-4f3b-8756-75a2b34eec2f"
"2025-06-26T02:30:02+00:00","Gamgroup Srls - Roma","69831","40.892","4.718","0","2886694","886061","19775264","4350664","https://www.speedtest.net/result/c/4c267d4a-eca8-4ee3-86c5-74c457f0e245"
"2025-06-26T03:00:02+00:00","Gamgroup Srls - Roma","69831","39.808","6.523","0","1270758","721428","14523756","5722328","https://www.speedtest.net/result/c/70da8821-02f2-4032-b3ba-3b749e0ff543"
"2025-06-26T03:30:01+00:00","Gamgroup Srls - Roma","69831","38.825","3.225","0","1992951","830642","23747264","12183448","https://www.speedtest.net/result/c/bb9f3c5f-9046-437b-83e3-987cdeb456f3"
"2025-06-26T04:00:02+00:00","Gamgroup Srls - Roma","69831","31.771","2.009","0","1849135","1181012","10589048","16487576","https://www.speedtest.net/result/c/0d9ba0eb-90ef-43bf-8a83-28ddd5c2c07d"
"2025-06-26T04:30:02+00:00","Gamgroup Srls - Roma","69831","41.802","6.892","0","1390870","546591","19021908","6478332","https://www.speedtest.net/result/c/9797552f-224a-45cf-94a9-dde6d1e0d527"
"2025-06-26T05:00:01+00:00","Gamgroup Srls - Roma","69831","39.859","5.467","64.3885","382418","592405","5551532","7301860","https://www.speedtest.net/result/c/e0d3aad6-d37d-4a9c-bc65-fffdb5563cc9"
"2025-06-26T05:30:01+00:00","Wind Tre - Roma","29317","40.813","5.262","0","879959","472923","9737688","4770372","https://www.speedtest.net/result/c/28099a2c-bd4c-45fc-ab85-cab77d5ce26a"
"2025-06-26T06:00:01+00:00","Gamgroup Srls - Roma","69831","38.83","5.734","66.1017","166080","332859","1910532","4386412","https://www.speedtest.net/result/c/1b6e727b-4d26-4ce8-a47b-a37563e5a638"
"2025-06-26T06:30:01+00:00","Unidata S.p.A. - Rome","395","69.805","5.055","26.3514","715033","635105","10580084","8559392","https://www.speedtest.net/result/c/307e2995-2711-4b87-a6ab-5298c3d9e3c8"
"2025-06-26T07:30:01+00:00","Gamgroup Srls - Roma","69831","38.866","23.229","58.2329","460416","262850","5750956","3467556","https://www.speedtest.net/result/c/fa5bcaee-7235-46e1-a157-bd5dc5821d04"
"2025-06-26T08:00:01+00:00","Wind Tre - Roma","29317","37.888","7.465","48.8189","638461","7835","7603732","149612","https://www.speedtest.net/result/c/4da773a8-3ac7-4514-812f-9f272f40cb72"
"2025-06-26T08:30:01+00:00","Gamgroup Srls - Roma","69831","39.815","2.514","45.0185","862069","497357","9124676","6017580","https://www.speedtest.net/result/c/2b055fba-5b9f-493f-ad22-cf66319cd6c2"
"2025-06-26T09:00:01+00:00","Wind Tre - Roma","29317","32.584","11.408","46.5753","421059","499191","4841868","5738216",""
"2025-06-26T09:30:01+00:00","Iliad Italia S.p.A. - Rome","65036","38.759","5.771","0","656411","492132","6675608","5183460","https://www.speedtest.net/result/c/d1356ec1-3651-43a2-ba47-5c5ab955be4d"
"2025-06-26T11:00:02+00:00","Gamgroup Srls - Roma","69831","40.849","4.438","0","361658","557777","4190448","5190080","https://www.speedtest.net/result/c/bd79030a-2819-40e3-83e9-e78b02796e33"
"2025-06-26T11:30:01+00:00","Gamgroup Srls - Roma","69831","39.723","4.82","10.4478","375931","567058","4795196","5548884","https://www.speedtest.net/result/c/9170424b-e2b9-4d6c-bae9-41234dc18c36"
"2025-06-26T12:00:01+00:00","Wind Tre - Roma","29317","30.798","0.522","0","426858","2859472","4164312","36209776","https://www.speedtest.net/result/c/00050fa5-024e-483a-8902-70525308f8f6"
"2025-06-26T13:30:01+00:00","Gamgroup Srls - Roma","69831","32.844","4.702","0","465490","2817053","4706728","28276584","https://www.speedtest.net/result/c/c0e10466-22f5-40df-b27f-300f1966355e"
"2025-06-26T15:00:02+00:00","Fastweb SpA - Rome","7898","31.775","19.283","0","547372","2890789","3922496","29986752","https://www.speedtest.net/result/c/3e275384-6cde-4083-9356-8ef741865cd0"
"2025-06-26T16:00:01+00:00","Wind Tre - Roma","29317","30.835","6.164","0","494550","3196547","6283208","43245016","https://www.speedtest.net/result/c/42e29f5e-c224-486d-af7b-d321ca7a4b4c"
"2025-06-26T19:30:01+00:00","Fastweb SpA - Rome","7898","31.776","6.24","0","339557","2373152","4527704","17570160","https://www.speedtest.net/result/c/4d573857-8829-461a-b28a-e6f36a4300ab"
"2025-06-26T20:00:02+00:00","Wind Tre - Roma","29317","29.789","6.748","0","128275","2706236","1668664","26573376","https://www.speedtest.net/result/c/51ac552c-5ae0-463f-ba7e-e213ba01ced0"
"2025-06-26T21:00:01+00:00","TIM SpA - Rome","3243","41.768","6.52","0","278682","2687807","3257168","21468784","https://www.speedtest.net/result/c/b9758bcb-bb37-4910-b7ab-a62c06ac426d"
"2025-06-26T22:30:01+00:00","Gamgroup Srls - Roma","69831","48.811","1.234","0","703221","847360","7808952","7348200","https://www.speedtest.net/result/c/00adfd62-cfca-4feb-bea0-98047c68fdc3"
"2025-06-26T23:00:01+00:00","Fastweb SpA - Rome","7898","34.688","13.976","0","191905","781889","2781552","8671976","https://www.speedtest.net/result/c/3f76a370-3328-4039-9b37-c04a8a070354"
"2025-06-26T23:30:02+00:00","Gamgroup Srls - Roma","69831","39.787","4.56","22.2656","542685","372430","6286352","4500276","https://www.speedtest.net/result/c/9ffd6895-c915-45a0-bc98-d8526a0f2d61"
"2025-06-27T00:00:02+00:00","Fastweb SpA - Rome","7898","39.614","0.554","0","963341","679974","10138904","2714752","https://www.speedtest.net/result/c/2e8a256e-1aad-44ce-ab11-4366aa79d94b"
"2025-06-27T00:30:01+00:00","TIM SpA - Rome","3243","49.741","2.539","15.1079","632145","314515","8307248","3706064","https://www.speedtest.net/result/c/33702b97-98c9-4f96-8e86-7d7309532c0c"
"2025-06-27T01:00:02+00:00","TIM SpA - Rome","3243","49.742","4.565","0","1967868","785126","15184976","9923808","https://www.speedtest.net/result/c/848b5852-299f-4176-a193-e452f1525768"
"2025-06-27T01:30:01+00:00","Wind Tre - Roma","29317","39.858","4.966","0","1221147","750317","8833728","2926040","https://www.speedtest.net/result/c/4bff9397-057c-4e69-8d1b-1ead3c054c0e"
"2025-06-27T02:00:01+00:00","TIM SpA - Rome","3243","47.747","5.026","0","2320357","784648","20728656","4085488","https://www.speedtest.net/result/c/6871b79c-9719-436e-ae51-86b973bc9d2b"
"2025-06-27T02:30:02+00:00","Wind Tre - Roma","29317","39.789","2.501","0","1304091","707674","15039316","3549644","https://www.speedtest.net/result/c/c4a6a794-2c65-47a1-a721-679bb2e84251"
"2025-06-27T03:00:02+00:00","TIM SpA - Rome","3243","49.841","4.497","0","2571957","490447","23259760","6148272","https://www.speedtest.net/result/c/ce070d98-2b0d-4005-a2bc-3c9a7b513f11"
"2025-06-27T03:30:01+00:00","Gamgroup Srls - Roma","69831","39.782","4.53","0","1442215","587490","18935848","7664636","https://www.speedtest.net/result/c/3cfffb19-9e94-47ef-ac2a-02865feab5cf"
"2025-06-27T04:00:01+00:00","Wind Tre - Roma","29317","39.832","4.804","0","1445196","523776","14963848","2740680","https://www.speedtest.net/result/c/c6fbf8af-3034-41f6-bc49-16f4e9d146e0"
"2025-06-27T04:30:02+00:00","Gamgroup Srls - Roma","69831","70.824","13.429","11.4478","1772285","664496","19969560","6606760","https://www.speedtest.net/result/c/a45a3327-be41-4382-b522-78dd8a522f0b"
"2025-06-27T05:00:01+00:00","Gamgroup Srls - Roma","69831","37.869","5.461","0","1164958","589276","13781516","8592760","https://www.speedtest.net/result/c/2e081fc0-cd8a-4048-8c1b-2106a7414495"
"2025-06-27T05:30:02+00:00","Gamgroup Srls - Roma","69831","38.802","3.54","24.5791","864283","466926","12286720","5346312","https://www.speedtest.net/result/c/323e1aef-a177-48d7-b1d6-c23de334c550"
"2025-06-27T06:00:01+00:00","Gamgroup Srls - Roma","69831","56.742","12.816","38.3562","682201","48236","8171728","651408","https://www.speedtest.net/result/c/90c95a36-5d68-48fa-9404-cee2bd7d56dc"
"2025-06-27T07:00:01+00:00","Gamgroup Srls - Roma","69831","33.849","6.059","30.8333","201111","139013","2286460","1833740","https://www.speedtest.net/result/c/2fa0d507-3f35-4228-810a-d55ac2ee20c7"
"2025-06-27T07:30:01+00:00","Wind Tre - Roma","29317","43.878","6.527","0","1552714","615730","20120828","4166628","https://www.speedtest.net/result/c/05eed6c0-4491-4e2c-a92c-b9e197c25d79"
"2025-06-27T08:30:01+00:00","Gamgroup Srls - Roma","69831","39.853","5.019","0","932721","609572","10568168","7136360","https://www.speedtest.net/result/c/d3e3ead2-f918-4eaa-89f0-b6fd7d61672b"
"2025-06-27T09:00:02+00:00","TIM SpA - Rome","3243","49.796","0.521","0","1141772","128049","11013984","1711416","https://www.speedtest.net/result/c/1da26684-acf2-4537-8c95-265f9cb155fd"
"2025-06-27T09:30:02+00:00","Wind Tre - Roma","29317","38.777","3.762","0","549631","654608","7252872","2384524","https://www.speedtest.net/result/c/7b62052d-9408-4ca2-8f50-5db923a49c10"
"2025-06-27T10:00:01+00:00","Wind Tre - Roma","29317","63.801","30.558","69.1275","222994","430620","3160388","4820684","https://www.speedtest.net/result/c/4226339e-a507-4f8e-89bf-79303b9831e2"
"2025-06-27T10:30:01+00:00","Wind Tre - Roma","29317","49.858","3.749","0","492632","315680","6405512","3494036","https://www.speedtest.net/result/c/6f9d32dd-6fe3-4752-820f-e1e447e40324"
"2025-06-27T11:00:01+00:00","Wind Tre - Roma","29317","42.8","14.94","0","268580","509690","1293548","5630972","https://www.speedtest.net/result/c/14fe3d29-9d86-441c-91b7-b4cda2cd8cf0"
"2025-06-27T11:30:01+00:00","Gamgroup Srls - Roma","69831","39.799","8.264","0","283957","419495","3079624","3455640","https://www.speedtest.net/result/c/8bb3088a-64d3-48bf-b489-82e05ee30457"
"2025-06-27T12:00:02+00:00","Wind Tre - Roma","29317","41.813","5.468","0","372551","216848","4190460","2285224","https://www.speedtest.net/result/c/43addd14-d222-4ce0-ac51-4ec9f1d7da11"
"2025-06-27T12:30:01+00:00","TIM SpA - Rome","3243","42.901","6.13","0","469490","2258280","6681336","16730728","https://www.speedtest.net/result/c/1e072a21-ae15-4308-8825-b0832b8fdecf"
"2025-06-27T13:00:01+00:00","Gamgroup Srls - Roma","69831","40.829","5.721","23.3716","405876","672599","5245688","3219968","https://www.speedtest.net/result/c/13e2277c-51b5-4549-b5dc-fa7b4104bbfc"
"2025-06-27T13:30:01+00:00","Wind Tre - Roma","29317","30.785","10.382","0","356094","2718934","5019032","29750968","https://www.speedtest.net/result/c/acb8c383-c33d-4f60-a8ff-5c0a7596c411"
"2025-06-27T14:00:01+00:00","TIM SpA - Rome","3243","48.736","1.591","0","183945","513810","2062784","5640728","https://www.speedtest.net/result/c/e5339b0d-f119-49cb-b47a-b0817bb2b372"
"2025-06-27T14:30:01+00:00","Gamgroup Srls - Roma","69831","41.834","4.038","0.673401","531868","755890","5887828","7848999","https://www.speedtest.net/result/c/9818512f-a6fb-4dc4-9b06-64056ddee194"
"2025-06-27T15:00:01+00:00","TIM SpA - Rome","3243","39.891","6.668","0","322697","2351335","3804928","10437080","https://www.speedtest.net/result/c/e19bb360-291e-4290-b524-aa8ebe96c784"
"2025-06-27T16:00:02+00:00","Wind Tre - Roma","29317","30.819","2","0","495694","2657925","5222424","19712400","https://www.speedtest.net/result/c/66534912-b2ef-488f-8dbe-6ea13b3aa629"
"2025-06-27T17:30:01+00:00","Fastweb SpA - Rome","7898","31.814","2.036","0","354974","2572073","4140264","26175336","https://www.speedtest.net/result/c/e70da995-5bb9-4135-a971-47a7a608622d"
"2025-06-27T18:00:01+00:00","Gamgroup Srls - Roma","69831","41.836","6.789","0","246757","526164","2787020","5489304","https://www.speedtest.net/result/c/bc8d740d-96c1-4bb8-9862-a91dd059c9eb"
"2025-06-27T18:30:02+00:00","TIM SpA - Rome","3243","48.719","43.295","0","95087","408054","1241144","3099520","https://www.speedtest.net/result/c/19a579d0-cd35-4ccf-861d-d88d91d6d067"
"2025-06-27T19:00:01+00:00","Wind Tre - Roma","29317","39.82","2.704","0","262267","535103","2993564","7414400","https://www.speedtest.net/result/c/53c3945b-4a7b-4867-96c7-65e901bd6b40"
"2025-06-27T21:00:01+00:00","Wind Tre - Roma","29317","30.712","0.578","0","528998","2750674","6044369","38207544","https://www.speedtest.net/result/c/bd3590b9-0653-42c2-b55d-c538fa990016"
"2025-06-27T22:00:02+00:00","Gamgroup Srls - Roma","69831","31.842","6.441","0","391902","2829907","3581224","38495504","https://www.speedtest.net/result/c/181bbd3b-8a2a-4a9e-8639-8b2ba56ffe83"
"2025-06-27T22:30:01+00:00","Wind Tre - Roma","29317","46.823","5.244","0","930843","614909","11191772","6948352","https://www.speedtest.net/result/c/82736d7a-1ed6-48ed-a5f7-c3f99f86e3f1"
"2025-06-27T23:00:01+00:00","Wind Tre - Roma","29317","41.822","2.468","0","690108","765501","9796276","4438048","https://www.speedtest.net/result/c/1d13d365-8513-42fd-9586-597b96b398ac"
"2025-06-27T23:30:01+00:00","Gamgroup Srls - Roma","69831","38.915","3.179","0","1285957","820762","15277636","6917900","https://www.speedtest.net/result/c/175764d2-97e4-4ad3-b272-0514ab46cce5"
"2025-06-28T00:00:01+00:00","TIM SpA - Rome","3243","49.896","5.422","53.2787","499301","290815","5711400","3750152","https://www.speedtest.net/result/c/e8c01774-5dd6-400e-b129-6260c57c3e27"
"2025-06-28T00:30:02+00:00","Gamgroup Srls - Roma","69831","41.741","10.074","23.6486","929163","226734","11444656","3249096","https://www.speedtest.net/result/c/5ca5f376-672b-43a1-9d52-d3bafce7d85a"
"2025-06-28T01:00:01+00:00","Gamgroup Srls - Roma","69831","41.903","6.48","39.2157","908153","605598","9940592","6986748","https://www.speedtest.net/result/c/b68f29f3-329c-49d6-9ccf-02c9658f982a"
"2025-06-28T01:30:02+00:00","Gamgroup Srls - Roma","69831","41.806","9.999","52.2124","582576","570033","6732540","7397188","https://www.speedtest.net/result/c/79becdcc-0bf7-4267-a1fe-5d44871b69db"
"2025-06-28T02:00:01+00:00","Wind Tre - Roma","29317","39.928","4.015","0","2089522","789832","23896876","3531108","https://www.speedtest.net/result/c/8c031c2e-b9b9-451d-b052-2b29b2df0819"
"2025-06-28T02:30:01+00:00","Gamgroup Srls - Roma","69831","42.832","8.701","0","1832130","540547","18087164","2066764","https://www.speedtest.net/result/c/6435813d-b7b3-4512-9b53-7557f05e57cf"
"2025-06-28T03:00:01+00:00","Wind Tre - Roma","29317","40.785","5.79","0","2194406","625004","29579484","4812740","https://www.speedtest.net/result/c/be391e1a-d576-4e17-b3dc-a5d80972a6a7"
"2025-06-28T03:30:01+00:00","Wind Tre - Roma","29317","49.836","5.044","0","2342181","666819","21640780","2867784","https://www.speedtest.net/result/c/ed96a8b0-3309-4e4c-b3d9-2bb1d1abc603"
"2025-06-28T04:00:01+00:00","Wind Tre - Roma","29317","39.812","3.996","0","1711887","506981","18222212","1827120","https://www.speedtest.net/result/c/ee30f2af-2ba6-4b80-8aa9-863c7f65a7eb"
"2025-06-28T04:30:02+00:00","TIM SpA - Rome","3243","66.795","75.017","83","182328","430417","1794160","5313272","https://www.speedtest.net/result/c/6bf8cceb-bbed-49db-9c3b-44308a0764c0"
"2025-06-28T05:00:01+00:00","Gamgroup Srls - Roma","69831","43.781","8.037","0","1047814","524841","9531476","2424244","https://www.speedtest.net/result/c/6ca9e332-330c-45e1-a820-230e81e82fcf"
"2025-06-28T05:30:01+00:00","Gamgroup Srls - Roma","69831","33.856","9.404","0","1372730","1613728","17056712","23723352","https://www.speedtest.net/result/c/72b5626e-ee79-46ec-9d92-c7492d9efb57"
"2025-06-28T06:00:01+00:00","TIM SpA - Rome","3243","46.755","3.395","0","929386","1438481","11527008","11067056","https://www.speedtest.net/result/c/c7bcef74-79ee-4051-ad4b-2e17efa943a4"
"2025-06-28T07:00:02+00:00","Wind Tre - Roma","29317","33.751","2.033","0","969830","1452169","12621104","20834928","https://www.speedtest.net/result/c/5a9d5975-2be9-48cb-a967-dda392ed7f99"
"2025-06-28T08:30:02+00:00","Gamgroup Srls - Roma","69831","179.815","59.79","0.325733","473246","1375292","4583080","5329360","https://www.speedtest.net/result/c/db20ae06-e43e-48f3-bcff-32d4183db285"
"2025-06-28T09:00:01+00:00","Gamgroup Srls - Roma","69831","41.804","7.027","0","491587","274248","3149796","2854544","https://www.speedtest.net/result/c/385f8463-ce97-404c-9697-11cbb56b2c88"
"2025-06-28T09:30:01+00:00","Gamgroup Srls - Roma","69831","41.735","6.058","0","300555","308051","3025340","3607900","https://www.speedtest.net/result/c/20ba81de-f459-4e03-a022-ef7245e0a28e"
"2025-06-28T10:00:01+00:00","TIM SpA - Rome","3243","48.883","9.971","0","112627","273789","1461584","3382752","https://www.speedtest.net/result/c/a824e5d8-4eef-4c94-97c8-66e77966d3e6"
"2025-06-28T10:30:02+00:00","TIM SpA - Rome","3243","48.853","1.481","0","428587","349267","5131342","4323296","https://www.speedtest.net/result/c/b7cbd42c-8bac-42c2-9d5b-366194534a9c"
"2025-06-28T11:00:01+00:00","Gamgroup Srls - Roma","69831","39.67","83.794","0","239690","393675","2188572","4980888","https://www.speedtest.net/result/c/a4cd737d-10df-41eb-adfd-8b7af757e489"
"2025-06-28T11:30:01+00:00","Gamgroup Srls - Roma","69831","41.829","8.227","0","394284","466249","4263280","6282380","https://www.speedtest.net/result/c/613d6bad-5847-4681-8e00-24d259c8f21a"
"2025-06-28T12:00:01+00:00","Gamgroup Srls - Roma","69831","41.796","5.414","0","574443","433691","6573660","4083216","https://www.speedtest.net/result/c/783d5e55-a5e5-4748-a5a4-d33ea2384d39"
"2025-06-28T12:30:01+00:00","Gamgroup Srls - Roma","69831","39.859","11.761","0","282077","379183","3450344","5086808","https://www.speedtest.net/result/c/9ec20261-4472-4d5c-acc2-f78e28167e88"
"2025-06-28T12:41:16+00:00","Gamgroup Srls - Roma","69831","39.8","6.004","0","367961","363232","5014235","3373552","https://www.speedtest.net/result/c/1bae923f-a243-4729-9134-36a0c991969f"
"2025-06-28T13:00:01+00:00","Gamgroup Srls - Roma","69831","41.824","2.011","0","198472","192675","2482500","1570264","https://www.speedtest.net/result/c/8a4dc2dc-d8ea-46ef-a762-1658f6e18fbd"
"2025-06-28T13:30:02+00:00","TIM SpA - Rome","3243","41.82","2.596","0","400007","3099719","4045065","42179349","https://www.speedtest.net/result/c/2067bb39-8d63-4bec-b801-680c80160545"
"2025-06-28T14:30:01+00:00","Wind Tre - Roma","29317","28.913","1.171","0","466008","2939162","6010664","41463461","https://www.speedtest.net/result/c/8d411452-b3ee-43e7-870c-35c690bf7f43"
"2025-06-28T15:00:01+00:00","Gamgroup Srls - Roma","69831","39.792","6.028","N/A","256041","301954","3071700","4161332","https://www.speedtest.net/result/c/688c95b0-1448-4f95-a482-19a356e72fe0"
"2025-06-28T15:30:01+00:00","Gamgroup Srls - Roma","69831","287.627","122.51","0","440118","257069","5119908","2397764","https://www.speedtest.net/result/c/e3034360-adfd-43f0-bdec-28064cd65c9a"
"2025-06-28T16:00:01+00:00","Wind Tre - Roma","29317","37.824","20.102","0","381079","297386","5482684","4023636","https://www.speedtest.net/result/c/4b90f989-db12-4776-87f0-9101d93eacbb"
"2025-06-28T16:30:02+00:00","Fastweb SpA - Rome","7898","39.759","2.558","0","485049","418394","6484944","5804920","https://www.speedtest.net/result/c/19dbee73-9df8-4896-a894-bfb7694fc9bf"
"2025-06-28T17:00:01+00:00","Gamgroup Srls - Roma","69831","41.886","5.195","0","340423","448389","3742948","2347452","https://www.speedtest.net/result/c/77e34411-5763-4bec-ba68-9a6252fd43ee"
"2025-06-28T17:30:01+00:00","Gamgroup Srls - Roma","69831","39.824","5.308","0","369521","313917","4193108","2118400","https://www.speedtest.net/result/c/4bb4af95-6921-4da2-a073-8189e3335e29"
"2025-06-28T18:00:01+00:00","Gamgroup Srls - Roma","69831","40.845","6.718","0","508572","424250","7115176","6078484","https://www.speedtest.net/result/c/098d76f1-ed43-4e57-91d2-ea4755bdfcbe"
"2025-06-28T18:30:02+00:00","Gamgroup Srls - Roma","69831","39.704","3.538","13.2867","94210","322720","1212784","4054088","https://www.speedtest.net/result/c/202a2fff-2481-4096-a043-04ff1f3de4f3"
"2025-06-28T19:00:01+00:00","TIM SpA - Rome","3243","52.843","7.538","0","92984","445450","1282861","6229768","https://www.speedtest.net/result/c/196de565-17ef-49db-9f87-a728f68954f6"
"2025-06-28T20:00:01+00:00","Wind Tre - Roma","29317","29.829","5.241","0","597552","2683694","7251808","24364776","https://www.speedtest.net/result/c/e5361df5-23ff-4b04-967b-30214ce966de"
"2025-06-28T21:30:01+00:00","Gamgroup Srls - Roma","69831","32.756","0.114","0","294822","2590641","2740136","28217736","https://www.speedtest.net/result/c/dd109176-bc48-460b-b98b-3f9efade9b9e"
"2025-06-28T22:00:02+00:00","Fastweb SpA - Rome","7898","30.85","4.744","0","338526","2909090","4174765","41469129","https://www.speedtest.net/result/c/9e5a2b5d-1622-4001-82cc-731d894b0417"
"2025-06-29T07:00:02+00:00","Wind Tre - Roma","29317","36.683","3.102","0","424272","331433","5413836","3004156","https://www.speedtest.net/result/c/da8ff151-bd17-41be-9f43-f94dd02e8c68"
"2025-06-29T07:30:02+00:00","Gamgroup Srls - Roma","69831","49.779","2.75","0","306071","353264","3750892","3994508","https://www.speedtest.net/result/c/1be4c0ea-d9de-4c6c-9fe4-dedd86c07923"
"2025-06-29T08:00:02+00:00","Unidata S.p.A. - Rome","395","61.794","9.543","0","1232360","734304","17053120","7463388","https://www.speedtest.net/result/c/522b9bc5-2439-4fc4-8e1b-370b135172d0"
"2025-06-29T08:30:01+00:00","Gamgroup Srls - Roma","69831","37.918","13.369","0","1481111","656203","19911636","2367312","https://www.speedtest.net/result/c/760c678a-fc6f-4232-b2b9-945f5ef5e0b9"
"2025-06-29T09:00:02+00:00","Gamgroup Srls - Roma","69831","39.835","5.264","0","611579","498397","7713624","3527136","https://www.speedtest.net/result/c/94074aa6-bdac-4a17-9d3d-0533287f41ba"
"2025-06-29T09:30:01+00:00","TIM SpA - Rome","3243","53.823","269.885","0","606786","480296","8257816","6052080","https://www.speedtest.net/result/c/2bf63c5f-ead3-46d5-a066-b7a63a06b1e1"
"2025-06-29T10:00:01+00:00","Wind Tre - Roma","29317","39.858","6.051","0","931146","405398","10079488","3879320","https://www.speedtest.net/result/c/4ad672f9-c767-43f3-8504-eaf9c7101519"
"2025-06-29T10:30:01+00:00","Unidata S.p.A. - Rome","395","69.732","5.545","0","717421","722479","8722512","8745020","https://www.speedtest.net/result/c/ec94f257-5438-430e-a6ed-c62cfdb0edb7"
"2025-06-29T11:00:01+00:00","Unidata S.p.A. - Rome","395","56.817","5.066","0","140194","415492","1915828","3174952","https://www.speedtest.net/result/c/526b5be2-bebe-4d66-bef0-1b92fce0e93d"
"2025-06-29T11:30:01+00:00","Wind Tre - Roma","29317","39.789","4.968","22.2222","948750","818694","11271212","5457528","https://www.speedtest.net/result/c/27ff4101-7801-442a-ace8-784dae66671a"
"2025-06-29T12:00:01+00:00","Wind Tre - Roma","29317","39.799","2.976","0","993667","454851","11986172","4912040","https://www.speedtest.net/result/c/8c9fd6c8-27af-4ec6-8b80-c37a0ad9818f"
"2025-06-29T14:00:01+00:00","Gamgroup Srls - Roma","69831","40.754","12.858","0","98504","186588","1265744","1632492","https://www.speedtest.net/result/c/8d7f74ff-552a-4d6c-a055-6ce174955145"
"2025-06-29T14:30:01+00:00","Fastweb SpA - Rome","7898","46.768","36.061","0","204125","206685","2317960","2961912","https://www.speedtest.net/result/c/d0481466-a020-484d-8653-b0eace718ff8"
"2025-06-29T15:00:01+00:00","Gamgroup Srls - Roma","69831","41.844","2.02","0","384956","413330","5252308","5544912","https://www.speedtest.net/result/c/d97a3091-c28a-48f3-9c8e-dd81b4652ccf"
"2025-06-29T15:30:01+00:00","Unidata S.p.A. - Rome","395","64.68","4.823","0","146925","204041","1819176","1886700","https://www.speedtest.net/result/c/78d68e06-1acb-45fb-9645-a390290caafd"
"2025-06-29T16:00:02+00:00","Gamgroup Srls - Roma","69831","39.872","6.762","0","249255","244401","3409300","3312688","https://www.speedtest.net/result/c/615cce92-b5a6-4d8d-9a07-0e40647abf6e"
"2025-06-30T21:00:01+00:00","Gamgroup Srls - Roma","69831","321.783","632.232","0","22725","256650","276716","3770752","https://www.speedtest.net/result/c/da5bfed6-30e2-4fd8-813a-6a86666704d0"
"2025-06-30T21:30:01+00:00","Gamgroup Srls - Roma","69831","41.825","8.241","0","77462","530990","1056034","7148276","https://www.speedtest.net/result/c/0206692d-5ab9-4878-a30f-4796ce31cab2"
"2025-06-30T22:00:01+00:00","TIM SpA - Rome","3243","49.821","20.77","0","112404","499782","1212040","3800920","https://www.speedtest.net/result/c/2da776d0-cd17-4cd1-928f-9bf2f8b1f4a1"
"2025-06-30T22:30:02+00:00","TIM SpA - Rome","3243","49.758","3.774","0","322417","632879","3982552","4438192","https://www.speedtest.net/result/c/de08f4b5-67e9-48c2-ba02-797c1c84714d"
"2025-06-30T23:00:01+00:00","Wind Tre - Roma","29317","39.802","2.495","0","1058155","648199","13796080","8269704","https://www.speedtest.net/result/c/ab1f36cb-2f31-4218-a19f-efe14e5713f2"
"2025-06-30T23:30:01+00:00","Gamgroup Srls - Roma","69831","39.867","4.903","0","1236094","900906","15384424","11788896","https://www.speedtest.net/result/c/2f2d8a18-a1ff-4eb3-b47b-741797d00f42"
"2025-07-01T00:00:01+00:00","Gamgroup Srls - Roma","69831","41.824","11.474","24.4966","499693","548861","6341960","3682044","https://www.speedtest.net/result/c/10b2e771-02c9-4371-a8da-37a8f76f469f"
"2025-07-01T00:30:02+00:00","Gamgroup Srls - Roma","69831","39.8","2.544","43.913","470414","559432","5474740","7742752","https://www.speedtest.net/result/c/9c1e2925-5ddf-4eff-b568-3492d389b34f"
"2025-07-01T01:30:01+00:00","Gamgroup Srls - Roma","69831","42.814","4.247","57.4324","579923","437760","9185912","4990156","https://www.speedtest.net/result/c/88a54469-6c7b-4c24-b5a1-d029d53ff186"
"2025-07-01T02:00:01+00:00","Gamgroup Srls - Roma","69831","43.749","9.581","41.1067","1050636","576730","12331736","6286352","https://www.speedtest.net/result/c/b0946aa0-e4fb-430c-a946-282340d1191f"
"2025-07-01T02:30:01+00:00","Gamgroup Srls - Roma","69831","39.802","3.302","0","2095555","592488","11724845","6976156","https://www.speedtest.net/result/c/47f8a435-b096-4c5c-a57f-9d764cb0b14b"
"2025-07-01T03:00:01+00:00","Gamgroup Srls - Roma","69831","41.8","6.523","41.4141","1377190","577567","14093980","4657832","https://www.speedtest.net/result/c/90162413-e8b8-423c-a03b-d7b281af8557"
"2025-07-01T03:30:02+00:00","Gamgroup Srls - Roma","69831","46.931","15.227","56.7114","842736","586904","10645952","4321925","https://www.speedtest.net/result/c/50ff7a00-86b8-4996-aaba-396ed1533208"
"2025-07-01T04:00:01+00:00","Gamgroup Srls - Roma","69831","41.762","4.54","50.8929","975487","532513","10417232","5820304","https://www.speedtest.net/result/c/f6cd2547-3c5c-4900-a86b-236afc3afccf"
"2025-07-01T04:30:01+00:00","Gamgroup Srls - Roma","69831","37.848","5.542","0","1022912","225025","8073752","3033284","https://www.speedtest.net/result/c/4d25866a-1ce0-4f3f-9c0a-1609c38ddab2"
"2025-07-01T05:00:01+00:00","Gamgroup Srls - Roma","69831","73.941","5.359","42.0875","749235","423653","8400780","3753540","https://www.speedtest.net/result/c/3c65630d-3d68-444b-9e78-8b2bc4f7305c"
"2025-07-01T05:30:01+00:00","TIM SpA - Rome","3243","49.857","3.208","0","373994","133630","4193616","1762184","https://www.speedtest.net/result/c/62454383-7e43-42e5-862d-86e6231e6286"
"2025-07-01T06:00:01+00:00","Gamgroup Srls - Roma","69831","38.864","5.221","0","1507592","756139","22804452","6943056","https://www.speedtest.net/result/c/8ec07503-e795-4d0b-b9bc-c83c1ad18e32"
"2025-07-01T06:30:02+00:00","Wind Tre - Roma","29317","43.785","55.055","69.4631","880627","3304","10715132","43692","https://www.speedtest.net/result/c/c7f820f6-5283-463d-a15d-43440623ded2"
"2025-07-01T07:00:02+00:00","Wind Tre - Roma","29317","38.856","4.329","57.5758","453673","636905","7219772","7998284","https://www.speedtest.net/result/c/c1d21fa9-f94b-4406-baa1-c9c47f55b680"
"2025-07-01T07:30:01+00:00","TIM SpA - Rome","3243","48.903","7.455","34.5763","684956","417166","9580456","5291896","https://www.speedtest.net/result/c/c28e2b04-5a50-4b37-8f2d-b116a37604b3"
"2025-07-01T08:00:01+00:00","Wind Tre - Roma","29317","39.813","7.506","0","274279","476885","3425088","5346312","https://www.speedtest.net/result/c/75f7e3ab-8728-4a22-99c8-831c44992833"
"2025-07-01T08:30:02+00:00","Wind Tre - Roma","29317","39.834","4.474","38.5906","840694","473859","9679764","5559476","https://www.speedtest.net/result/c/572894f2-284a-42e4-b09d-3ad231d9a23b"
"2025-07-01T09:00:02+00:00","Gamgroup Srls - Roma","69831","159.903","149.961","0.754717","533381","2439921","5348532","24666712","https://www.speedtest.net/result/c/4cbba1ce-8a68-466b-8cf4-787ae44cb874"
"2025-07-01T10:00:01+00:00","Gamgroup Srls - Roma","69831","40.776","6.726","0","288725","542657","3639260","6205588","https://www.speedtest.net/result/c/2299229b-6743-4fa3-89ed-2278b966dab9"
"2025-07-01T10:30:01+00:00","Wind Tre - Roma","29317","41.799","7.531","0","191383","325423","2613488","4203700","https://www.speedtest.net/result/c/46a72881-e059-4c56-a922-e1567589f861"
"2025-07-01T11:30:01+00:00","Gamgroup Srls - Roma","69831","41.842","5.974","0","361769","383650","3650268","2191220","https://www.speedtest.net/result/c/5e5b77c7-9cd7-4037-bdc3-4d23cce30581"
"2025-07-01T12:00:02+00:00","TIM SpA - Rome","3243","40.805","12.274","0","590743","2813760","7799568","29951384","https://www.speedtest.net/result/c/5a999ada-1021-40d4-90c4-d42616afa780"
"2025-07-01T12:30:01+00:00","Gamgroup Srls - Roma","69831","30.769","4.308","0","484180","3136487","5982776","44177604","https://www.speedtest.net/result/c/9af77bb6-a274-45a6-a22f-06b39ca8e462"
"2025-07-01T13:30:02+00:00","Gamgroup Srls - Roma","69831","32.716","5.618","0","397532","3024089","5210400","38584368","https://www.speedtest.net/result/c/fc7dc49b-6aea-4160-865c-fdcc6ef62f4b"
"2025-07-01T14:30:01+00:00","Gamgroup Srls - Roma","69831","39.709","5.647","0","230665","274421","2260068","2673196","https://www.speedtest.net/result/c/447427a8-85d3-4d9e-bf7a-ca259dfea7cc"
"2025-07-01T15:00:02+00:00","TIM SpA - Rome","3243","46.733","5.864","0","308831","1570747","2983288","19067272","https://www.speedtest.net/result/c/3f0d1fd1-5a83-4d18-b1b2-a99671eac548"
"2025-07-01T15:30:02+00:00","Gamgroup Srls - Roma","69831","41.921","12.453","0","313142","240844","4118964","2405708","https://www.speedtest.net/result/c/21e31223-74b7-4238-9333-28185b994749"
"2025-07-01T16:00:01+00:00","Gamgroup Srls - Roma","69831","70.166","18.357","0","287000","346633","4280492","3903152","https://www.speedtest.net/result/c/0496ab05-295b-43d1-bc14-0469eed604e3"
"2025-07-01T16:30:02+00:00","Gamgroup Srls - Roma","69831","31.892","3.717","0","708970","2389401","4525032","21078201","https://www.speedtest.net/result/c/32c184c6-fd6c-4418-9a38-d21b8e384b5e"
"2025-07-01T18:00:01+00:00","TIM SpA - Rome","3243","39.782","0.086","0","592580","2698972","7702040","28437856","https://www.speedtest.net/result/c/50682984-c63f-44bd-a296-0c2a02a7f5c3"
"2025-07-01T18:30:01+00:00","Gamgroup Srls - Roma","69831","29.768","0.964","0","558206","2847982","3071464","34695920","https://www.speedtest.net/result/c/29dbe630-87d6-474b-ac93-55fd770eb3fc"
"2025-07-01T21:30:01+00:00","Fastweb SpA - Rome","7898","34.708","4.333","0","532192","2310588","5591160","29027272","https://www.speedtest.net/result/c/e1be3b17-128f-4ac8-9ef5-f75222957b30"
"2025-07-01T22:00:01+00:00","Gamgroup Srls - Roma","69831","31.833","7.315","0","407253","2713006","4253192","24423632","https://www.speedtest.net/result/c/6a296072-0a88-4bae-aac5-93f37473b417"
"2025-07-01T23:00:01+00:00","Gamgroup Srls - Roma","69831","29.819","5.222","0","344254","2966152","3830456","41417384","https://www.speedtest.net/result/c/836c08f2-eda3-4012-9ff8-de01da027cc0"
"2025-07-02T00:00:01+00:00","TIM SpA - Rome","3243","56.779","6.785","0","1595759","389293","22647872","3392104","https://www.speedtest.net/result/c/a4cdbc23-7a0f-4482-84c3-d3cd72323c68"
"2025-07-02T00:30:01+00:00","TIM SpA - Rome","3243","40.719","13.281","0","1831207","1601740","25772776","23486880","https://www.speedtest.net/result/c/e5b270d8-e735-45d8-b953-817e990503ad"
"2025-07-02T01:00:01+00:00","Fastweb SpA - Rome","7898","30.715","1.145","0","1821931","1497531","21676600","9410784","https://www.speedtest.net/result/c/eaa90f32-cf0a-4d5f-8054-5049d69ebc2d"
"2025-07-02T01:30:01+00:00","Gamgroup Srls - Roma","69831","41.744","6.089","46.4646","529102","680318","7988684","5660100","https://www.speedtest.net/result/c/43184408-8ee8-49dd-a7f6-26bc796e6756"
"2025-07-02T02:00:01+00:00","Gamgroup Srls - Roma","69831","43.765","7.641","0","1294997","497076","15313384","6981452","https://www.speedtest.net/result/c/32ae8c3d-44e3-49d5-9c4e-38332eae3b1b"
"2025-07-02T02:30:02+00:00","Gamgroup Srls - Roma","69831","43.813","6.557","0","1255880","522693","12367484","3953464","https://www.speedtest.net/result/c/84a87436-9877-4e62-aaef-14a4721011bc"
"2025-07-02T03:00:01+00:00","Gamgroup Srls - Roma","69831","34.821","10.739","0","1370391","865268","15492124","3099484","https://www.speedtest.net/result/c/8c38aa9d-b834-413a-bb81-ab79401aae43"
"2025-07-02T03:30:01+00:00","Gamgroup Srls - Roma","69831","34.764","6.278","0","2014427","988759","20125504","5197040","https://www.speedtest.net/result/c/d771dc7b-a07c-478a-ba98-fc06c610b572"
"2025-07-02T04:00:01+00:00","Wind Tre - Roma","29317","31.796","2.257","0","2193736","1603824","30909696","7410792","https://www.speedtest.net/result/c/a13ef230-47d8-44db-a1f5-819554f4667e"
"2025-07-02T04:30:01+00:00","Gamgroup Srls - Roma","69831","34.778","7.054","0","1555592","1707819","16750768","23676592","https://www.speedtest.net/result/c/e2245e19-cf0d-43ba-9912-9b7dbc79e123"
"2025-07-02T05:00:01+00:00","Wind Tre - Roma","29317","32.773","5.463","0","1405953","1531730","16935136","8032032","https://www.speedtest.net/result/c/178155f8-3299-4d4e-9a89-d668294e9d50"
"2025-07-02T05:30:02+00:00","Gamgroup Srls - Roma","69831","34.702","4.034","0","1140392","1384475","12066752","9818264","https://www.speedtest.net/result/c/369a4ed0-6e3b-4d7a-bfc4-dec463cd95a3"
"2025-07-02T06:00:01+00:00","Gamgroup Srls - Roma","69831","35.505","0.888","0","591023","1646616","7176992","11581095","https://www.speedtest.net/result/c/b5347f9a-6bdf-4e0b-a937-71b9434a716b"
"2025-07-02T06:30:02+00:00","TIM SpA - Rome","3243","44.799","2.471","0","496728","1449975","3990632","5957224","https://www.speedtest.net/result/c/f53c4d8b-9a3b-464d-b18f-988d3f23d7be"
"2025-07-02T07:00:02+00:00","Gamgroup Srls - Roma","69831","39.896","9.934","11.4537","209455","245141","2126776","2775104","https://www.speedtest.net/result/c/9ad4b5aa-ea97-4923-9e4f-f1ab8e04dd52"
"2025-07-02T07:30:01+00:00","Gamgroup Srls - Roma","69831","39.785","0.522","16.7785","827310","579835","10561548","5628324","https://www.speedtest.net/result/c/0b7d78d4-29ce-4dac-b562-0e77c4135088"
"2025-07-02T08:00:01+00:00","Gamgroup Srls - Roma","69831","38.798","3.265","0","884234","597239","10418556","4264604","https://www.speedtest.net/result/c/1b537039-c0c5-4570-baba-360ad52ed14c"
"2025-07-02T08:30:01+00:00","Gamgroup Srls - Roma","69831","39.808","0.987","21.8855","613688","318522","9261380","3874024","https://www.speedtest.net/result/c/4cfc8056-75f0-4892-aa9a-d20e9d7e77af"
"2025-07-02T09:00:01+00:00","Wind Tre - Roma","29317","39.742","3.318","0","98862","387432","1245884","5055032","https://www.speedtest.net/result/c/d66f63fd-9f9a-43d1-9546-381c093e65f9"
"2025-07-02T09:30:01+00:00","Uniconnect - Rome","16505","49.804","2.558","38.1757","814797","429059","9927352","4878856","https://www.speedtest.net/result/c/fe802873-e365-4603-97f6-ef484bfc26db"
"2025-07-02T10:00:01+00:00","Gamgroup Srls - Roma","69831","39.813","5.591","3.02013","452959","560754","5369646","5851160","https://www.speedtest.net/result/c/68af1165-8078-4c21-af72-e12c785e1d76"
"2025-07-02T10:30:01+00:00","Gamgroup Srls - Roma","69831","49.77","4.058","0","480580","314851","6623972","4264604","https://www.speedtest.net/result/c/d1e65af0-9d13-4da6-8541-1b4b576eae8c"
"2025-07-02T11:00:01+00:00","Unidata S.p.A. - Rome","395","62.799","2.702","0","604687","2912798","8344656","28397664","https://www.speedtest.net/result/c/bf15c5b9-20e0-41fe-96ca-efedfe5bb033"
"2025-07-02T11:30:01+00:00","TIM SpA - Rome","3243","50.804","2.265","0","468367","307742","2766856","3333320","https://www.speedtest.net/result/c/90061ba8-2377-4a41-951e-f57386a1d046"
"2025-07-02T12:00:01+00:00","Iliad Italia S.p.A. - Rome","65036","42.845","6.469","0","364433","404408","4958380","2171360","https://www.speedtest.net/result/c/1a8c7ed4-60a8-4fbd-9a50-3eab8b486e3e"
"2025-07-02T13:00:01+00:00","Wind Tre - Roma","29317","41.827","9.055","0","460547","429961","1894644","6028172","https://www.speedtest.net/result/c/e52e3e1d-7c67-4626-9835-63048ff54904"
"2025-07-02T13:30:01+00:00","Iliad Italia S.p.A. - Rome","65036","33.759","7.045","0","491666","2876695","7035376","30973448","https://www.speedtest.net/result/c/8f91a7af-5f01-4773-b1c6-740dfee2b95d"
"2025-07-02T14:00:01+00:00","Iliad Italia S.p.A. - Rome","65036","32.8","10.738","0","628361","2832776","6252480","22191784","https://www.speedtest.net/result/c/86923b6a-9036-4925-a049-59c758082e33"
"2025-07-02T14:30:01+00:00","Fastweb SpA - Rome","7898","40.764","7.044","0","413287","416688","5042064","5440192","https://www.speedtest.net/result/c/2db6390d-8960-4fdb-befa-aacbb672cc4d"
"2025-07-02T15:00:01+00:00","Wind Tre - Roma","29317","41.93","4.959","0","377124","420149","4592956","4652536","https://www.speedtest.net/result/c/d5384361-b3c3-4fe9-894b-f4d6b3ec7959"
"2025-07-02T15:30:02+00:00","Fastweb SpA - Rome","7898","38.838","6.554","0","402165","252842","5488288","3433520","https://www.speedtest.net/result/c/d8e67a4e-abe1-48e1-9196-0960ba321583"
"2025-07-02T16:00:01+00:00","Wind Tre - Roma","29317","41.832","5.046","0","434556","237081","4657832","3336480","https://www.speedtest.net/result/c/b4e3d8be-9981-40d0-96e2-9b7444173706"
"2025-07-02T16:30:01+00:00","Gamgroup Srls - Roma","69831","41.819","10.277","0","452331","380470","5632296","5141092","https://www.speedtest.net/result/c/63660909-fba1-4fc2-890e-c0be18c7f661"
"2025-07-02T17:00:02+00:00","Wind Tre - Roma","29317","49.779","0.038","25.5892","311832","122914","2902587","1479575","https://www.speedtest.net/result/c/11911cbf-6495-4374-a0a4-c5a018f945bc"
"2025-07-02T17:30:01+00:00","Gamgroup Srls - Roma","69831","29.824","2.763","0","487521","762971","5576664","11072612","https://www.speedtest.net/result/c/e7349c6f-3c3a-4d26-9c8d-7065fe3b3133"
"2025-07-02T18:00:01+00:00","Gamgroup Srls - Roma","69831","39.79","5.017","0","142704","726006","1910451","5338368","https://www.speedtest.net/result/c/f9c87620-5098-40a4-b53e-9c47c3745aa4"
"2025-07-02T20:30:02+00:00","TIM SpA - Rome","3243","43.86","8.415","0","193952","2826242","2344680","21276400","https://www.speedtest.net/result/c/0214e2fb-22ae-4bc7-a9b3-c762acd6abe5"
"2025-07-02T22:30:01+00:00","Wind Tre - Roma","29317","31.809","2.014","0","724890","2949330","9344570","42174698","https://www.speedtest.net/result/c/d47b3d88-bf94-45ca-bb70-08be5e365bf1"
"2025-07-02T23:00:02+00:00","Wind Tre - Roma","29317","39.81","2.017","0","1144358","1115387","12791164","11076584","https://www.speedtest.net/result/c/c58f8e51-4111-434c-8dc2-d0a30d2354b8"
"2025-07-02T23:30:01+00:00","Gamgroup Srls - Roma","69831","68.828","7.737","59.596","626147","577377","8130352","7419696","https://www.speedtest.net/result/c/2aae8934-5539-4f68-abc5-49240099c41c"
"2025-07-03T00:30:01+00:00","TIM SpA - Rome","3243","49.856","12.243","0.552486","807849","176219","7114200","2323304","https://www.speedtest.net/result/c/74203f66-648c-4b4d-a9cc-49ad0a2c5579"
"2025-07-03T01:00:01+00:00","Gamgroup Srls - Roma","69831","34.838","7.607","0","2092239","1653749","20021296","6762832","https://www.speedtest.net/result/c/0fdf2dcd-5856-4684-8531-86d2bc7f27e3"
"2025-07-03T01:30:02+00:00","Wind Tre - Roma","29317","32.927","12.342","0","2286976","1651069","18988568","17028656","https://www.speedtest.net/result/c/547df860-68c6-4077-b15e-0dd12aeb5499"
"2025-07-03T02:00:01+00:00","Wind Tre - Roma","29317","32.819","46.085","0","2004246","1695291","27683168","24506248","https://www.speedtest.net/result/c/c9f9395e-3a59-431d-9c55-543877f04fb4"
"2025-07-03T02:30:01+00:00","Gamgroup Srls - Roma","69831","35.806","4.505","0","2068296","1829203","22535184","18841608","https://www.speedtest.net/result/c/3aabc6ba-b189-4fb8-9b53-82bb93f62652"
"2025-07-03T03:00:01+00:00","Wind Tre - Roma","29317","33.92","4.245","0","987166","1867001","14064072","26589699","https://www.speedtest.net/result/c/42c0349f-6982-4619-922a-8f621bd2c19d"
"2025-07-03T03:30:01+00:00","Gamgroup Srls - Roma","69831","39.783","45.551","0","1487782","515580","15769666","2064116","https://www.speedtest.net/result/c/944ebab8-e7a1-41b1-b6ea-753ee9d00467"
"2025-07-03T04:00:02+00:00","Gamgroup Srls - Roma","69831","41.95","4.394","0","1243747","491044","17376176","1816528","https://www.speedtest.net/result/c/49d35160-8d7d-4d4d-a4b7-770d9dfc1ab4"
"2025-07-03T04:30:01+00:00","Wind Tre - Roma","29317","41.882","4.972","0","1007810","340263","14328328","3382692","https://www.speedtest.net/result/c/592a676b-ec16-4d79-9054-348a6ce316a2"
"2025-07-03T05:00:01+00:00","Fastweb SpA - Rome","7898","39.867","5.474","0","1433328","540429","20275136","2113552","https://www.speedtest.net/result/c/59500e86-f385-4e7f-a4a9-0f0a214ea731"
"2025-07-03T05:30:01+00:00","Wind Tre - Roma","29317","33.83","8.473","0","1133469","1290165","11134224","6505408","https://www.speedtest.net/result/c/05a08e59-8523-4f18-a961-5de7505efcf2"
"2025-07-03T06:00:01+00:00","Gamgroup Srls - Roma","69831","39.729","5.436","0","2837473","1121002","31362912","6494220","https://www.speedtest.net/result/c/2c648324-d668-4494-bb67-84c0e7a0df04"
"2025-07-03T06:30:01+00:00","Gamgroup Srls - Roma","69831","37.786","3.532","0","2412676","926332","32020940","3997156","https://www.speedtest.net/result/c/02f6ce94-a2c2-4a15-b575-e8c91426fa2c"
"2025-07-03T07:00:02+00:00","Vodafone Italy - Rome","11842","37.824","1.468","21.8855","494446","560338","7555080","7142888","https://www.speedtest.net/result/c/448e96e5-d3d1-45de-9254-265d72b51914"
"2025-07-03T07:30:01+00:00","Wind Tre - Roma","29317","38.841","1.421","18.2432","1601196","631409","20103616","5142416","https://www.speedtest.net/result/c/72dffb28-f19e-41a5-8977-b615ebf62b90"
"2025-07-03T08:00:01+00:00","Wind Tre - Roma","29317","39.8","5.547","0","1310300","637542","17663152","9050864","https://www.speedtest.net/result/c/0febb1e2-f7e0-438d-ae0f-cebcf87d43f4"
"2025-07-03T08:30:01+00:00","Iliad Italia S.p.A. - Rome","65036","38.722","4.487","16.5957","976660","431274","9490432","4900124","https://www.speedtest.net/result/c/56f2ad1c-7821-4d6c-ad2e-05fe5f6629c6"
"2025-07-03T09:00:02+00:00","Wind Tre - Roma","29317","42.728","3.116","34.8993","548048","420841","5747484","5575404","https://www.speedtest.net/result/c/8b33f876-c101-4589-ab01-ec3460cf83e6"
"2025-07-03T09:30:01+00:00","Wind Tre - Roma","29317","37.724","2.856","0","218098","259581","2865048","3343100","https://www.speedtest.net/result/c/e52dba17-1dad-4a62-85de-368ed8e7c126"
"2025-07-03T10:00:01+00:00","Wind Tre - Roma","29317","39.772","7.508","0","706251","517559","7936056","6274436","https://www.speedtest.net/result/c/2205f066-1fa0-4b53-8e8a-84c0550e2664"
"2025-07-03T10:30:01+00:00","Fastweb SpA - Rome","7898","30.674","2.537","0","489994","2634271","5855688","24764096","https://www.speedtest.net/result/c/f0635807-364c-48bc-b44c-8ed4a2d6ea25"
"2025-07-03T11:00:01+00:00","Wind Tre - Roma","29317","29.779","10.995","0","282298","2984876","3524368","35009943","https://www.speedtest.net/result/c/dafae3e8-ef0b-4dd0-b904-2aeb7a494d1e"
"2025-07-03T12:00:01+00:00","Gamgroup Srls - Roma","69831","31.815","0.737","0","517546","2992053","5782120","27291312","https://www.speedtest.net/result/c/61e6e597-aa58-4648-ac29-357e1a7f762c"
"2025-07-03T13:00:01+00:00","Gamgroup Srls - Roma","69831","29.86","6.493","0","471509","2890055","4841707","36968392","https://www.speedtest.net/result/c/c166db5b-9484-4f09-88de-c9691cbe5af2"
"2025-07-03T13:30:01+00:00","Gamgroup Srls - Roma","69831","30.734","4.363","0","331053","3156105","3417488","45009755","https://www.speedtest.net/result/c/26825718-9a78-4f92-88bd-8fdeb97dae89"
"2025-07-03T16:30:01+00:00","Fastweb SpA - Rome","7898","32.808","6.516","0","294518","2606363","3832984","24133504","https://www.speedtest.net/result/c/2af682f9-e4f6-435c-a0f7-2a129ea6d5d0"
"2025-07-03T17:30:01+00:00","Gamgroup Srls - Roma","69831","34.779","0.289","0","279084","2575825","2486055","35881576","https://www.speedtest.net/result/c/9affbf6e-1a59-4d8e-bc56-79967e6ad482"
"2025-07-03T18:00:01+00:00","TIM SpA - Rome","3243","41.774","0.775","0","300671","2691889","2944544","35584006","https://www.speedtest.net/result/c/d7edd808-d4c3-4b53-bd5c-51105774a004"
"2025-07-03T19:00:01+00:00","Gamgroup Srls - Roma","69831","33.832","5.977","0","375349","2616715","2517024","20172264","https://www.speedtest.net/result/c/c459828e-149c-47fd-a49f-8276d209721e"
"2025-07-03T21:00:02+00:00","TIM SpA - Perugia","57879","79.797","4.315","0","218857","939836","2795240","12097960","https://www.speedtest.net/result/c/2b523602-238b-4a08-83f0-ef50ef19e1a6"
"2025-07-03T21:30:02+00:00","TIM SpA - Perugia","57879","75.695","3.521","0","159089","2781686","1676340","24210364","https://www.speedtest.net/result/c/fdbfd00e-0006-4ec9-8100-54338609c434"
"2025-07-03T22:30:01+00:00","Wind Tre - Roma","29317","45.771","2.247","0","439610","3073150","4137205","44005685","https://www.speedtest.net/result/c/cae1befc-39de-4497-8379-99a2ec03cf15"
"2025-07-03T23:00:01+00:00","TIM SpA - Perugia","57879","66.585","0.203","0","555620","3031491","6715188","43908351","https://www.speedtest.net/result/c/eacdfea7-cd18-4644-96b8-8912e42c2312"
"2025-07-03T23:30:01+00:00","TIM SpA - Perugia","57879","81.757","7.808","22.7941","436347","610692","5227340","5730120","https://www.speedtest.net/result/c/069ccae1-40e2-45f4-902c-6fcc161faf03"
"2025-07-04T00:00:01+00:00","TIM SpA - Perugia","57879","79.793","7.403","62.7273","420732","492259","4393860","4180800","https://www.speedtest.net/result/c/0fe14ee1-343b-49c1-bdb0-dfcecdb77c07"
"2025-07-04T00:30:01+00:00","TIM SpA - Perugia","57879","71.814","7.995","48.4211","542177","373482","5437720","4108440","https://www.speedtest.net/result/c/4ede036d-da0c-4719-8f27-d9ed8fce2af5"
"2025-07-04T01:00:01+00:00","Wind Tre - Roma","29317","39.817","5.003","0","1764205","842149","23598976","3050496","https://www.speedtest.net/result/c/6a93e767-9521-497a-bf39-70b842fca513"
"2025-07-04T01:30:02+00:00","Gamgroup Srls - Roma","69831","41.85","5.414","0","1389916","717929","20634540","5788528","https://www.speedtest.net/result/c/a1608cee-2ad3-48fc-8a3d-6a189966bcf1"
"2025-07-04T02:00:02+00:00","Wind Tre - Roma","29317","45.792","6.038","0","1790155","429811","24873988","2269336","https://www.speedtest.net/result/c/1fe708f9-dae1-483d-801d-a9394d7d73ba"
"2025-07-04T02:30:02+00:00","Unidata S.p.A. - Rome","395","74.816","10.241","0","2080823","445802","13400204","5122556","https://www.speedtest.net/result/c/b9d821e4-9fb3-4d3f-b2e2-afb11760bb86"
"2025-07-04T03:00:01+00:00","Wind Tre - Roma","29317","43.864","4.997","0","1746906","422938","19536944","2922068","https://www.speedtest.net/result/c/9631a1aa-958b-4cd2-b6d1-dc42893b3a15"
"2025-07-04T03:30:02+00:00","Gamgroup Srls - Roma","69831","41.858","5.732","0","1891526","410060","19606784","4546616","https://www.speedtest.net/result/c/881f4298-d9d6-4f92-a20a-087665b81013"
"2025-07-04T04:00:01+00:00","TIM SpA - Rome","3243","42.836","1.076","0","2070315","1510911","22905720","11504296","https://www.speedtest.net/result/c/fe0c8c82-1ff4-4ef8-8013-48713c79e291"
"2025-07-04T04:30:01+00:00","Wind Tre - Roma","29317","49.774","0.782","0","1172582","415246","4463204","2364664","https://www.speedtest.net/result/c/9f4793fc-196d-4266-a798-2c269838c276"
"2025-07-04T05:00:02+00:00","Gamgroup Srls - Roma","69831","175.742","174.736","79.5987","236013","389711","3376920","4160008","https://www.speedtest.net/result/c/6ab9d6ec-6617-4995-8f2a-688ba9eff19c"
"2025-07-04T05:30:01+00:00","Gamgroup Srls - Roma","69831","34.835","9.083","0","1399265","1458911","19353296","10940504","https://www.speedtest.net/result/c/8d0393e1-ac28-4c70-8a9a-446520661180"
"2025-07-04T06:30:01+00:00","Wind Tre - Roma","29317","39.804","9.482","0","1064631","239171","12167560","1267068","https://www.speedtest.net/result/c/281a22f7-e86d-41c2-be4a-7ce706338832"
"2025-07-04T07:00:02+00:00","Wind Tre - Roma","29317","37.806","5.479","0","624930","575258","7355067","4591632","https://www.speedtest.net/result/c/bf0de2bc-475c-48f5-b80b-b76384fdcc29"
"2025-07-04T07:30:02+00:00","Wind Tre - Roma","29317","37.588","10.607","0","1167513","394469","15570116","5603168","https://www.speedtest.net/result/c/9cb3e9e1-0ee2-4168-91e1-e8d850526f27"
"2025-07-04T08:00:02+00:00","Gamgroup Srls - Roma","69831","62.89","4.747","0","1166629","424688","14582536","4749188","https://www.speedtest.net/result/c/35439aa7-f852-4d64-90a3-88ca716db5f6"
"2025-07-04T08:30:01+00:00","Wind Tre - Roma","29317","41.765","5.019","63.9731","496647","272964","6067892","3156416","https://www.speedtest.net/result/c/cfbea0b7-3306-4e48-bf9a-c0adeb37a3e2"
"2025-07-04T09:00:02+00:00","Fastweb SpA - Rome","7898","39.86","4.986","29.1667","492218","126507","6295232","1784896","https://www.speedtest.net/result/c/503aef68-7ce8-4b92-be75-d920c081fac6"
"2025-07-04T09:30:01+00:00","Gamgroup Srls - Roma","69831","69.786","4.057","24.5487","1334834","494502","13768276","5456204","https://www.speedtest.net/result/c/d47da912-a139-4048-841a-d5e00e1d0955"
"2025-07-04T10:00:01+00:00","Gamgroup Srls - Roma","69831","59.821","5.491","26.6667","943839","524943","9724780","5472092","https://www.speedtest.net/result/c/10b6cf5f-4173-4834-b8d9-1c3f2456f786"
"2025-07-04T10:30:01+00:00","Wind Tre - Roma","29317","39.83","19.136","0","68673","118117","981137","1369016",""
"2025-07-04T11:00:02+00:00","Gamgroup Srls - Roma","69831","51.814","6.235","0","471222","2691195","6319280","27673481","https://www.speedtest.net/result/c/7fd2ef7d-0751-4869-9935-d17d956b2777"
"2025-07-04T11:30:01+00:00","Gamgroup Srls - Roma","69831","50.867","10.209","0","331079","3166903","3562480","44709128","https://www.speedtest.net/result/c/6c67fd7f-1cd4-43e4-8dcc-77d02ce707d2"
"2025-07-04T12:00:01+00:00","Gamgroup Srls - Roma","69831","50.766","3.989","0","520901","2982224","6848480","40738648","https://www.speedtest.net/result/c/e0a18d64-c38b-4a4f-8ed8-23528a7680cd"
"2025-07-04T12:30:02+00:00","Gamgroup Srls - Roma","69831","52.793","4.704","0","568615","2628111","7521723","36943624","https://www.speedtest.net/result/c/e4d43b30-8e5b-453a-8b78-b1076afc0486"
"2025-07-04T13:00:01+00:00","Wind Tre - Roma","29317","29.815","8.76","0","324679","2608923","3254757","37372844","https://www.speedtest.net/result/c/46717bd0-d72b-42ce-ad97-5c6e3eb771ab"
"2025-07-04T13:30:01+00:00","Wind Tre - Roma","29317","29.797","5.073","0","277873","2816600","4068120","39935114","https://www.speedtest.net/result/c/bc9577ad-12d8-4482-888e-d64e72581b8e"
"2025-07-04T14:00:01+00:00","Gamgroup Srls - Roma","69831","55.854","6.777","0","544989","2818458","6981936","41119223","https://www.speedtest.net/result/c/922ba7fe-cab4-40e9-9419-6ac3fb8576f8"
"2025-07-04T15:00:01+00:00","Wind Tre - Roma","29317","43.744","5.104","0","354464","272453","4121539","2098540","https://www.speedtest.net/result/c/f93d581b-5e5f-4acb-8d88-9f0009b379eb"
"2025-07-04T15:30:01+00:00","Gamgroup Srls - Roma","69831","52.728","5.238","0","238255","2839777","2360608","30999264","https://www.speedtest.net/result/c/6be8f2a3-dbea-4556-b1cb-5741c36ff02d"
"2025-07-04T17:00:01+00:00","Wind Tre - Roma","29317","29.789","7.012","0","486736","2852723","6403448","39841308","https://www.speedtest.net/result/c/746ae36f-f8b3-4ff7-858b-58cafc2d2a8c"
"2025-07-04T18:00:01+00:00","Uniconnect - Rome","16505","31.765","1.999","0","205931","2984593","2303066","41351984","https://www.speedtest.net/result/c/b51bc8d3-0857-4b53-92e5-c31ac0f67893"
"2025-07-04T19:00:02+00:00","Gamgroup Srls - Roma","69831","50.813","6.97","0","358768","2457183","4328600","25657233","https://www.speedtest.net/result/c/34ac8924-285d-4663-b715-5839ac36d4ec"
"2025-07-04T21:30:02+00:00","Uniconnect - Rome","16505","31.658","6.446","0","437076","2817919","4667984","25485456","https://www.speedtest.net/result/c/95e59406-29d1-4837-84a1-7d8f717ea390"
"2025-07-04T22:30:01+00:00","Wind Tre - Roma","29317","29.833","3.261","0","697194","2784674","9291880","39169233","https://www.speedtest.net/result/c/569f602d-fd35-4421-975a-3ed731716f65"
"2025-07-04T23:00:01+00:00","Wind Tre - Roma","29317","29.791","1.038","0","534899","2655552","7334784","36860041","https://www.speedtest.net/result/c/4737f1bc-b9eb-4c54-9fea-42f624c5242b"
"2025-07-04T23:30:01+00:00","Wind Tre - Roma","29317","41.76","5.807","0","274657","547161","3250420","7127092","https://www.speedtest.net/result/c/76d862dd-55e7-405d-bc26-e96898372cd2"
"2025-07-05T00:00:01+00:00","Unidata S.p.A. - Rome","395","64.805","10.745","0","554231","1562187","5573792","22233560","https://www.speedtest.net/result/c/2937ba1c-d747-432c-b350-2f75c10613fc"
"2025-07-05T00:30:01+00:00","Gamgroup Srls - Roma","69831","51.858","3.719","0","1869281","1508569","26528952","10057408","https://www.speedtest.net/result/c/593f248e-865d-4dbd-828b-79529c87fb23"
"2025-07-05T01:00:01+00:00","Wind Tre - Roma","29317","31.843","4.944","0","1779494","1463498","16728056","10849656","https://www.speedtest.net/result/c/d5b30cbc-ca26-4b52-b945-7e728abe8192"
"2025-07-05T01:30:01+00:00","Gamgroup Srls - Roma","69831","69.758","21.259","0","1290541","434947","17495336","4434076","https://www.speedtest.net/result/c/72d7ee00-e5ea-4b14-a8c7-f04c3eca8a24"
"2025-07-05T02:00:01+00:00","Wind Tre - Roma","29317","36.888","5.226","0","975574","327000","12552844","3799880","https://www.speedtest.net/result/c/5907c81c-078a-4360-b03a-67fed8125496"
"2025-07-05T02:30:01+00:00","Unidata S.p.A. - Rome","395","57.83","7.937","0","791747","2871369","9938238","40092256","https://www.speedtest.net/result/c/c349443b-2884-4018-9dc4-65fe3d488672"
"2025-07-05T03:00:01+00:00","Gamgroup Srls - Roma","69831","63.847","5.023","0","1598787","443909","15010188","4295056","https://www.speedtest.net/result/c/0261d931-54f0-4fcd-9953-53d891dc8534"
"2025-07-05T03:30:01+00:00","Gamgroup Srls - Roma","69831","63.223","2.134","0","1880313","279994","11780952","2326268","https://www.speedtest.net/result/c/76292977-0e7f-4296-8e45-06f42869f574"
"2025-07-05T04:00:02+00:00","Gamgroup Srls - Roma","69831","59.798","3.006","0","1182135","361119","11395668","3827684","https://www.speedtest.net/result/c/132fd051-1943-43c3-970e-a91af21795c9"
"2025-07-05T04:30:01+00:00","Gamgroup Srls - Roma","69831","52.858","3.704","0","1757883","1491483","18689304","10295216","https://www.speedtest.net/result/c/ad9847bf-5342-4d9a-90dd-2cca4d2f2194"
"2025-07-05T05:00:01+00:00","Gamgroup Srls - Roma","69831","51.791","7.575","0","1593521","1610371","16915096","21540600","https://www.speedtest.net/result/c/f9527d18-afe2-4d70-8d04-d9c2528945c8"
"2025-07-05T05:30:01+00:00","Gamgroup Srls - Roma","69831","50.777","4.513","0","1628368","1548651","18015960","22638520","https://www.speedtest.net/result/c/d5a7dcc1-e113-4e44-91d4-57e30edb5992"
"2025-07-05T06:00:01+00:00","Gamgroup Srls - Roma","69831","53.865","4.712","0","954225","1173602","11869610","16320576","https://www.speedtest.net/result/c/550dd19e-66f5-4e91-a9f7-74f9536599f2"
"2025-07-05T06:30:01+00:00","Unidata S.p.A. - Rome","395","60.765","6.768","0","1122302","1346877","15894392","12880856","https://www.speedtest.net/result/c/2c11b4ba-4924-419a-b906-1daaa81d4243"
"2025-07-05T07:00:01+00:00","Wind Tre - Roma","29317","31.825","0.582","0","521106","1522602","6700040","15196632","https://www.speedtest.net/result/c/dddd8181-c4f3-4acc-b12f-72a072f0b76d"
"2025-07-05T07:30:02+00:00","Gamgroup Srls - Roma","69831","59.825","4.988","50","937815","526380","14455432","6649128","https://www.speedtest.net/result/c/0d800271-c737-4627-9b78-85ea7427e3f5"
"2025-07-05T08:00:01+00:00","Wind Tre - Roma","29317","43.807","6.539","47.2325","724600","728798","8729132","5409864","https://www.speedtest.net/result/c/06a3f641-1720-49c9-9f19-baec93300371"
"2025-07-05T09:30:01+00:00","Gamgroup Srls - Roma","69831","51.726","6.202","0","348943","1972562","4247144","27811512","https://www.speedtest.net/result/c/ed4e1fad-2b42-403f-be06-b4e15451f515"
"2025-07-05T10:00:02+00:00","Gamgroup Srls - Roma","69831","49.82","0.73","0","312612","2891991","3577952","41606082","https://www.speedtest.net/result/c/19f3bce8-297d-4fa0-ab2f-46ec2f6035c6"
"2025-07-05T10:30:01+00:00","Gamgroup Srls - Roma","69831","59.765","6.537","44.7811","650929","627384","8598056","7054272","https://www.speedtest.net/result/c/0ba3e9aa-a393-4d54-9d74-8dcff6ff0f28"
